Poblacion,Mutacion_Pb,Generaciones,Cruce_Pb,Num_Fases,Score_Rep1,Score_Rep2,Score_Rep3,Score_Rep4,Score_Rep5,Mediana_Score,Tiempo_Inicio,Tiempo_Fin,Tiempo_Segundos
100,1.0,100,1.0,100,1283.8061456355333,1198.7225521776,1260.7408981866854,1136.7858308831674,1274.6964900802789,1260.7408981866854,2026-07-29 18:39:36,2026-07-29 19:43:10,3813.823498249054
100,1.0,100,0.7,100,1237.835571082646,1261.38528735654,1227.3599329453402,1284.1785820689454,1142.1601045939112,1237.835571082646,2026-07-29 16:50:59,2026-07-29 17:52:16,3677.13436317444
100,1.0,100,0.5,100,1295.542401138663,1208.1991696342295,1223.0001077455802,1203.6886240774995,1199.526054468264,1208.1991696342295,2026-07-29 15:03:22,2026-07-29 16:04:32,3669.654585123062
100,1.0,100,0.0,100,1267.9919239921787,1254.806605572889,1214.3644206162198,1175.3921100264806,1287.2595596649278,1254.806605572889,2026-07-29 11:31:22,2026-07-29 12:32:20,3658.0523188114166
100,1.0,100,0.1,100,1146.0343855129672,1282.1249405755498,1148.2342067071334,1000.1832328329727,1276.8261150051496,1148.2342067071334,2026-07-29 13:17:20,2026-07-29 14:16:51,3571.258541584015
100,0.7,100,1.0,100,1080.496137820757,981.1989127617104,1137.648871088281,1209.994915316819,1216.7841082607008,1137.648871088281,2026-07-29 03:18:21,2026-07-29 04:16:35,3494.387505054474
100,0.5,100,1.0,100,1288.1603398890811,1204.0095271613734,1288.691767020365,1111.4913896131593,1090.9662626601296,1204.0095271613734,2026-07-28 15:41:23,2026-07-28 16:31:43,3019.8635993003845
100,0.7,100,0.7,100,1217.5977028207667,1111.8782393631077,1166.7932871233102,1249.5471229822715,1179.5828853388637,1179.5828853388637,2026-07-29 01:44:39,2026-07-29 02:34:58,3019.014334440232
100,0.7,100,0.5,100,1200.133246128489,1270.382643164676,1195.5708383592396,1233.9968212465956,1188.432027775076,1200.133246128489,2026-07-29 00:19:52,2026-07-29 01:06:40,2807.414946079254
100,0.5,100,0.7,100,1290.9967885912934,1225.8537448110342,1181.87597815834,1163.806640083469,1293.2235866168824,1225.8537448110342,2026-07-28 14:21:35,2026-07-28 15:03:45,2529.428500890732
100,0.7,100,0.1,100,1273.4897059132536,1263.9506131944845,1247.6694014070058,1233.646086611082,1219.146560671704,1247.6694014070058,2026-07-28 23:05:21,2026-07-28 23:44:45,2363.752189397812
100,0.7,100,0.0,100,1215.9907218716037,1323.9954943752698,1249.6468195791504,1065.4229043666812,1330.785459379032,1249.6468195791504,2026-07-28 21:57:06,2026-07-28 22:35:42,2315.902251243592
100,0.5,100,0.5,100,1270.6188782366348,1236.6936474093716,1256.9961198570804,1225.7559722982994,1253.609717470776,1253.609717470776,2026-07-28 13:13:52,2026-07-28 13:49:57,2165.492691516876
100,0.1,100,1.0,100,1238.4882588320716,1198.6467545396663,1294.294238043586,1287.4966210483483,1279.6276266998286,1279.6276266998286,2026-07-28 06:52:39,2026-07-28 07:24:36,1917.899745464325
100,1.0,100,1.0,50,1188.1835000998135,1033.8578733357622,1253.6338408936067,1146.3810742874305,1393.964860899407,1188.1835000998135,2026-07-29 18:08:05,2026-07-29 18:39:36,1890.9030575752256
100,1.0,100,0.5,50,1178.4399642647372,1253.2144014998546,1209.1857317711049,1363.457147743746,1208.108162093265,1209.1857317711049,2026-07-29 14:32:07,2026-07-29 15:03:22,1874.589818954468
100,1.0,100,0.7,50,1175.6971148775458,1237.4580577501276,1325.0970028211575,1205.6475340214604,1269.609914814743,1237.4580577501276,2026-07-29 16:20:00,2026-07-29 16:50:59,1859.445377588272
100,1.0,50,1.0,100,1097.9302297285176,1254.22399705368,1257.0624647117324,1298.4680418553266,1223.6518823533404,1254.22399705368,2026-07-29 10:15:58,2026-07-29 10:46:52,1853.861491441727
50,1.0,100,1.0,100,1349.9344378715873,1211.29153790831,1204.1976400069002,1155.0683189220902,1191.228073272734,1204.1976400069002,2026-07-27 23:41:32,2026-07-28 00:12:12,1840.309617996216
100,1.0,50,0.7,100,1104.1885186530944,1226.9904169082747,1300.8752414882038,1080.7571637776005,1136.4833461965225,1136.4833461965225,2026-07-29 09:22:12,2026-07-29 09:52:34,1822.12548995018
50,1.0,100,0.5,100,1212.5355190460923,1152.879672746499,1191.5246151307997,1098.8167861046077,1256.2010237724644,1191.5246151307997,2026-07-27 21:55:19,2026-07-27 22:25:41,1822.0943665504456
50,1.0,100,0.7,100,1176.8685653327132,1268.3718519861775,1161.570512213989,1293.729913871229,1257.2793471711898,1257.2793471711898,2026-07-27 22:48:17,2026-07-27 23:18:34,1816.4924986362453
100,1.0,100,0.1,50,1219.740636533132,1153.8059068891791,1253.7964132761022,1248.6851975068228,1233.6936070357956,1233.6936070357956,2026-07-29 12:47:09,2026-07-29 13:17:20,1810.500564813614
50,1.0,100,0.0,100,1184.3441239927702,1271.0177252229091,1175.8814566464844,1195.866356922256,1179.1935271059922,1184.3441239927702,2026-07-27 20:10:46,2026-07-27 20:40:47,1800.942079782486
100,1.0,100,0.0,50,1155.0827748210495,1248.3897022550564,1406.9796750085206,1206.8747663517256,1150.8706851501645,1206.8747663517256,2026-07-29 11:01:33,2026-07-29 11:31:22,1788.9987154006958
50,1.0,100,0.1,100,1248.8126492925192,1132.994444928259,1353.2719666468906,1330.240261377109,1160.312700862096,1248.8126492925192,2026-07-27 21:03:03,2026-07-27 21:32:47,1784.026629447937
100,1.0,50,0.1,100,1126.6641336531582,1274.186406272993,1344.00001942292,1333.1158984348203,1114.0895730722875,1274.186406272993,2026-07-29 07:37:26,2026-07-29 08:07:00,1774.0805957317352
100,1.0,50,0.5,100,1238.2603637541329,1267.0735057212516,1215.28516138421,1199.4596185650855,1041.7275851094023,1215.28516138421,2026-07-29 08:29:40,2026-07-29 08:59:08,1767.5104100704193
100,0.7,100,1.0,50,1176.5173527085492,1158.9165545177111,1071.5004758025134,1385.742393595007,1280.6940309255383,1176.5173527085492,2026-07-29 02:49:05,2026-07-29 03:18:21,1755.6428952217102
100,1.0,50,0.0,100,1257.1963417843376,1238.5584299016427,1234.181156986264,1120.134631324902,1206.361025313011,1234.181156986264,2026-07-29 06:46:02,2026-07-29 07:15:17,1754.48135638237
50,0.7,100,1.0,100,1228.7285770675242,1141.5979981845617,1208.7682046404464,1071.2173215397745,1409.889589451385,1208.7682046404464,2026-07-27 16:08:03,2026-07-27 16:35:46,1662.8013234138489
100,0.7,50,1.0,100,1275.9237255800697,1308.6962618804391,1203.2458835313057,1135.5700890251564,1233.9721599180994,1233.9721599180994,2026-07-28 21:01:36,2026-07-28 21:29:00,1644.1523451805117
100,0.5,100,0.1,100,1288.8920500903128,1326.7708066812788,1243.8267320625243,1245.2695661010162,1285.5059749828304,1285.5059749828304,2026-07-28 12:20:48,2026-07-28 12:46:47,1559.122920036316
100,0.7,100,0.7,50,1305.973938501119,1218.1947600842925,1218.1770689713123,1398.8975050757958,1138.9453893153266,1218.1947600842925,2026-07-29 01:19:23,2026-07-29 01:44:39,1516.8053662776947
100,0.5,50,1.0,100,1381.7226958390745,1165.4102174487955,1170.9733342709835,1232.185287758942,1315.6153446812189,1232.185287758942,2026-07-28 10:53:27,2026-07-28 11:18:37,1509.3851718902588
50,0.5,100,1.0,100,1289.9387604009833,1118.8732338679342,1246.0343594661647,1262.7666426482822,1247.4728524233915,1247.4728524233915,2026-07-27 10:20:48,2026-07-27 10:45:49,1500.8335723876953
100,0.5,100,1.0,50,1289.570543314507,1393.037505731972,1366.2819542194495,1203.6205971698848,1219.943246472795,1289.570543314507,2026-07-28 15:16:30,2026-07-28 15:41:23,1492.998883485794
100,0.0,100,1.0,100,1192.9551595517285,1289.7470949790293,1249.373286755938,1122.998700189954,1228.9062572850617,1228.9062572850617,2026-07-28 02:43:07,2026-07-28 03:07:55,1488.3547439575195
100,0.7,50,0.7,100,1425.8196515392617,1190.7384617512648,1160.6520071543005,1193.8610606052723,1257.0961544600332,1193.8610606052723,2026-07-28 20:16:39,2026-07-28 20:41:22,1483.3507804870603
50,0.7,100,0.7,100,1233.993227145525,1296.7073027399576,1159.9400878506494,1355.225163976243,1064.4969431033094,1233.993227145525,2026-07-27 15:22:38,2026-07-27 15:47:20,1482.0662882328031
100,0.5,100,0.0,100,1088.1315848950735,1212.1335512552378,1126.9927436066855,1178.2582071244444,1160.538492790697,1160.538492790697,2026-07-28 11:36:48,2026-07-28 12:01:20,1471.1917443275452
100,0.7,100,0.5,50,1239.2856663171651,1278.3663598700934,1165.205400558846,1366.832585999886,1230.7247920287089,1239.2856663171651,2026-07-28 23:56:20,2026-07-29 00:19:52,1412.61696600914
50,0.7,100,0.5,100,1230.920431351475,1296.7887558397802,1204.6185654295778,1277.6660736759277,1174.879597304346,1230.920431351475,2026-07-27 14:40:36,2026-07-27 15:03:48,1392.250138759613
100,0.7,50,0.5,100,1209.1734721093535,1178.6970940430824,1342.9356141370272,1374.696984008838,1260.3222197417008,1260.3222197417008,2026-07-28 19:35:01,2026-07-28 19:58:07,1386.2677993774414
100,0.1,100,0.7,100,1237.510953406941,1263.9748264956577,1228.5970100948846,1295.9170270292443,1319.444924765174,1263.9748264956577,2026-07-28 06:06:51,2026-07-28 06:28:39,1307.4504070281982
100,0.5,100,0.7,50,1255.1818299753452,1320.3461185311455,1206.8921921765236,1242.7715827001962,1244.6078536728285,1244.6078536728285,2026-07-28 14:00:33,2026-07-28 14:21:35,1262.598931312561
100,0.5,50,0.7,100,1146.645947161511,1200.8773340944897,1172.414621082588,1354.330661235011,1182.7026422144577,1182.7026422144577,2026-07-28 10:13:54,2026-07-28 10:34:54,1259.5976123809814
50,0.5,100,0.7,100,1279.0071884252204,1245.9080905310188,1297.2108100026187,1194.1220981873134,1149.6012733624964,1245.9080905310188,2026-07-27 09:41:41,2026-07-27 10:02:34,1253.5327367782593
100,0.7,100,0.1,50,1312.5029588810885,1353.755818334371,1130.2151412513565,1246.0831075369572,1308.6305192657371,1308.6305192657371,2026-07-28 22:45:38,2026-07-28 23:05:21,1183.479885816574
50,0.7,100,0.1,100,1106.8691387798312,1184.1719967827632,1167.0266817108538,1237.3724240772212,1177.4175434524786,1177.4175434524786,2026-07-27 14:03:36,2026-07-27 14:23:18,1182.228868484497
100,0.7,50,0.1,100,1164.0350834717583,1160.711642871422,1290.6438448590418,1183.4887488934496,1202.2238071911495,1183.4887488934496,2026-07-28 18:58:19,2026-07-28 19:17:49,1170.2768619060516
50,0.7,100,0.0,100,1389.595993254338,1229.8150162446575,1136.768901395401,1266.2352927907957,1190.1013419597325,1229.8150162446575,2026-07-27 13:29:38,2026-07-27 13:48:51,1152.825733423233
100,0.7,50,0.0,100,1172.8325957006855,1350.507351874047,1301.6433241866157,1195.337008175347,1255.9058723789487,1255.9058723789487,2026-07-28 18:24:51,2026-07-28 18:43:45,1133.7274034023285
100,0.7,100,0.0,50,1242.488191139964,1247.2477299687798,1167.04827362268,1283.2874119137684,1129.220513330808,1242.488191139964,2026-07-28 21:38:20,2026-07-28 21:57:06,1125.6027054786682
100,0.5,50,0.5,100,1157.5259831149956,1211.8544571397256,1123.180550819628,1164.9227290953218,1258.6301814884253,1164.9227290953218,2026-07-28 09:40:11,2026-07-28 09:58:18,1086.71741771698
100,0.5,100,0.5,50,1217.0202809803873,1285.1670478162457,1114.4288740819786,1328.1928767141312,1219.148440382095,1219.148440382095,2026-07-28 12:55:48,2026-07-28 13:13:52,1084.048987865448
50,0.5,100,0.5,100,1370.192998720894,1288.877350136385,1195.293360641005,1078.0838324458084,1281.8688591864109,1281.8688591864109,2026-07-27 09:08:13,2026-07-27 09:26:16,1082.86332321167
100,0.1,50,1.0,100,1183.331066263772,1160.0619167804357,1231.0761489291972,1119.8310636255508,1256.2689549109643,1183.331066263772,2026-07-28 04:46:57,2026-07-28 05:03:07,969.8080315589904
100,0.1,100,1.0,50,1237.705147384908,1300.2193399642977,1098.138948955132,1304.320007227083,1260.1959855604005,1260.1959855604005,2026-07-28 06:36:49,2026-07-28 06:52:39,949.6841659545898
100,1.0,50,1.0,50,1233.9522567231825,1217.119184802613,1155.9007128872663,1289.9278821530336,1285.884614266807,1233.9522567231825,2026-07-29 10:00:21,2026-07-29 10:15:58,937.3863270282744
50,0.1,100,1.0,100,1298.3514568087814,1202.5273121660905,1139.0744165182964,1294.028200067517,1338.3997179523922,1294.028200067517,2026-07-27 05:58:25,2026-07-27 06:13:59,933.6185085773468
50,1.0,100,1.0,50,1029.369944668148,1350.991613618239,1143.6774970123615,1209.548202811865,1207.2087028393348,1207.2087028393348,2026-07-27 23:26:02,2026-07-27 23:41:32,929.971837759018
100,1.0,50,0.7,50,1321.0663137561205,1214.382782208056,1410.7561047741033,1124.9024781742037,1283.658773105362,1283.658773105362,2026-07-29 09:06:58,2026-07-29 09:22:12,914.0380668640136
50,1.0,50,0.7,100,1341.0910042245257,1241.659555564652,1128.1993265795074,1187.2119992729597,1320.2497426916889,1241.659555564652,2026-07-27 19:07:25,2026-07-27 19:22:36,910.2873666286469
50,1.0,100,0.7,50,1322.0936755353107,1180.70556906492,1225.7139019190938,1430.6750869385862,1176.3105344528092,1225.7139019190938,2026-07-27 22:33:11,2026-07-27 22:48:17,906.6085829734802
100,1.0,50,0.5,50,1215.2384709765915,1240.4236889848885,1204.8014271852626,1281.4594129664451,1252.3315932908497,1240.4236889848885,2026-07-29 08:14:35,2026-07-29 08:29:40,905.5916357040404
50,1.0,100,0.5,50,1345.664977535751,1037.4867106759468,1227.4814301820172,1277.9108331374744,1241.7395351992416,1241.7395351992416,2026-07-27 21:40:17,2026-07-27 21:55:19,901.7154948711396
50,1.0,100,0.1,50,1285.840726133143,1288.6688697360933,1118.9673951406642,1252.7923194437544,1281.7369345287495,1281.7369345287495,2026-07-27 20:48:03,2026-07-27 21:03:03,899.4356756210327
50,1.0,50,1.0,100,1251.915882683271,1170.9360282231214,1248.156257602258,1276.902953872852,1133.7757066511824,1248.156257602258,2026-07-27 19:33:47,2026-07-27 19:48:42,895.5708372592926
100,0.1,100,0.5,100,1305.966806398523,1222.2203632535554,1192.3925553817178,1213.3408207775992,1243.126973376574,1222.2203632535554,2026-07-28 05:35:40,2026-07-28 05:50:34,894.4058463573456
50,1.0,50,0.5,100,1197.2366105603508,1122.2448740790242,1206.2622563529264,1111.7939040808217,1244.7871678313627,1197.2366105603508,2026-07-27 18:41:27,2026-07-27 18:56:19,892.4088509082794
50,1.0,100,0.0,50,1262.9295940785296,1080.3001879854812,1212.634575280376,992.3589704212666,1241.289773940738,1212.634575280376,2026-07-27 19:55:56,2026-07-27 20:10:46,890.1020946502686
100,1.0,50,0.0,50,1308.3736087120417,1249.588088949979,1244.7001288570857,1194.4920603277562,1193.7664989104835,1244.7001288570857,2026-07-29 06:31:14,2026-07-29 06:46:02,888.4389088153839
100,0.0,100,0.7,100,1112.599591282186,1174.104616069777,1283.956839880338,1205.415012343669,1292.9829969205648,1205.415012343669,2026-07-28 02:08:46,2026-07-28 02:23:30,884.4938662052155
50,1.0,50,0.1,100,1326.3552947757669,1204.1884672426886,1280.380820130913,1097.888324637733,1282.7396726319148,1280.380820130913,2026-07-27 18:15:41,2026-07-27 18:30:25,883.6140253543854
50,1.0,50,0.0,100,1428.4419339203605,1378.119176268933,1157.762183429579,1208.4988493888172,1166.173082882802,1208.4988493888172,2026-07-27 17:49:58,2026-07-27 18:04:41,882.363420009613
100,1.0,50,0.1,50,1135.8264900725314,1168.8554207094708,1123.1169823310352,1259.8669299639964,1252.728879154159,1168.8554207094708,2026-07-29 07:22:52,2026-07-29 07:37:26,873.7723047733307
50,0.7,100,1.0,50,1133.8566800804626,1141.310874709573,1291.60674056316,1345.5386925560897,1251.6854006186036,1251.6854006186036,2026-07-27 15:54:07,2026-07-27 16:08:03,835.8834130764008
50,0.7,50,1.0,100,1288.725466093745,1183.9644877782976,1367.8102408157868,1226.1983708980574,1204.8608047214775,1226.1983708980574,2026-07-27 13:01:08,2026-07-27 13:14:42,813.773580789566
100,0.7,50,1.0,50,1279.3650299663766,1359.9240163618845,1184.819292134466,1167.9216973630373,1265.439690085492,1265.439690085492,2026-07-28 20:48:10,2026-07-28 21:01:36,805.841020822525
100,0.0,50,1.0,100,1209.7758916498954,1209.5118663304906,1199.8956963219412,1235.1733566356463,1152.9634062972616,1209.5118663304906,2026-07-28 01:21:01,2026-07-28 01:34:08,786.5653846263885
100,0.5,100,0.1,50,1158.990119123517,1242.2500979891895,1316.3269400935235,1301.9609308013764,1283.5710340687244,1283.5710340687244,2026-07-28 12:07:45,2026-07-28 12:20:48,783.6527037620544
50,0.5,100,0.1,100,1259.8682484254073,1252.736902361066,1204.1333576882157,1071.161700017124,1310.9542049224096,1252.736902361066,2026-07-27 08:41:32,2026-07-27 08:54:34,781.9314520359039
100,0.5,50,0.1,100,1320.2935890412664,1132.6512015031071,1270.161340928196,1192.6954030909826,1134.4752233183638,1192.6954030909826,2026-07-28 09:13:46,2026-07-28 09:26:48,781.7440993785858
100,1.0,100,1.0,20,1268.9079260718606,1179.73021928983,1282.786993318857,1122.507830304868,1188.3632900174644,1188.3632900174644,2026-07-29 17:55:27,2026-07-29 18:08:05,758.7758131027222
50,0.7,100,0.7,50,1194.401296340659,1295.3110033260552,1306.3601249514725,1211.0741606058114,1309.9130713755474,1295.3110033260552,2026-07-27 15:10:05,2026-07-27 15:22:38,752.6681706905365
100,0.0,100,1.0,50,1179.0614841252725,1089.0377149341646,1089.471555607492,1339.7138629230578,1126.6211978209449,1126.6211978209449,2026-07-28 02:30:35,2026-07-28 02:43:07,751.9926822185516
50,0.7,50,0.7,100,1184.2729398133738,1151.353756049522,1179.2617023498951,1168.7190858451518,1240.371071166936,1179.2617023498951,2026-07-27 12:38:35,2026-07-27 12:51:04,749.0029752254486
100,0.5,50,1.0,50,1116.6845026112512,1188.8141132865796,1216.2734935112949,1319.497592793543,1319.3921756294412,1216.2734935112949,2026-07-28 10:41:01,2026-07-28 10:53:27,746.3348562717438
100,0.7,50,0.7,50,1102.700441415982,1308.969946551619,1262.4616325299658,1051.5478622235476,1297.1071188767414,1262.4616325299658,2026-07-28 20:04:21,2026-07-28 20:16:39,738.0699014663696
100,1.0,100,0.7,20,1147.387591559478,1211.0498820872947,1180.4497707537994,1130.458981505612,1280.1727881760603,1180.4497707537994,2026-07-29 16:07:44,2026-07-29 16:20:00,735.3688423633575
50,0.5,100,0.0,100,1305.838424613898,1144.0917258424522,1370.043218015342,1383.3038303958226,1403.8770169060183,1370.043218015342,2026-07-27 08:19:43,2026-07-27 08:31:57,734.4216089248657
100,0.5,50,0.0,100,1202.5819908474878,1166.3918605114518,1180.4165671260669,1387.573644771608,1210.872941780029,1202.5819908474878,2026-07-28 08:51:49,2026-07-28 09:04:01,732.8497183322906
100,1.0,100,0.5,20,1165.9682615890838,1213.25070405194,1130.3698602372494,1140.598868783355,1277.9785138740858,1165.9682615890838,2026-07-29 14:19:55,2026-07-29 14:32:07,732.3525245189667
100,0.5,100,0.0,50,1173.814818797279,1173.5813748860194,1008.5823700229926,1340.9268061214168,1241.7624014377782,1173.814818797279,2026-07-28 11:24:39,2026-07-28 11:36:48,729.5773754119873
50,0.5,100,1.0,50,1279.8655607547166,1231.5459151922382,1190.0555994978026,1374.9790468741298,1156.026164098526,1231.5459151922382,2026-07-27 10:08:39,2026-07-27 10:20:48,729.5115265846252
50,0.5,50,1.0,100,1222.2390166034506,1172.7004096884618,1153.4856442855576,1270.133067995106,1258.1887015112811,1222.2390166034506,2026-07-27 07:58:33,2026-07-27 08:10:34,721.285804271698
100,1.0,100,0.1,20,1231.1029239948234,1224.919247608751,1296.646334162024,1250.428562195833,1093.993170572089,1231.1029239948234,2026-07-29 12:35:16,2026-07-29 12:47:09,712.9290647506714
100,1.0,20,1.0,100,1116.840352199676,1329.622623125454,1221.2539024967905,1273.3005770135403,1100.336488345944,1221.2539024967905,2026-07-29 06:11:57,2026-07-29 06:23:49,712.3014469146729
100,1.0,20,0.7,100,1270.368272667234,1253.6360250471823,1269.8716508705656,1144.5291330788248,1349.8172639675056,1269.8716508705656,2026-07-29 05:51:17,2026-07-29 06:03:09,711.4470162391663
